id,case_po,status_code,status,backed_up_at
78cf256d-314e-4729-a91f-755ee8a7c7f2,SWAN26004,100000002,needs_review,2026-07-10 13:53:50.594065+00
b806d19a-da5e-421e-93dd-291c005d04b8,,100000004,missing_images,2026-07-10 13:53:50.594065+00
ede7184b-8aea-4f44-9a2b-5105148ced17,A.PCH26038,100000007,ready_for_eva,2026-07-10 13:53:50.594065+00
366c7aa6-2e4a-4125-8e57-8a4be4e1b17f,FW26002,100000002,needs_review,2026-07-10 13:53:50.594065+00
11ebfe69-6b2c-4620-812d-b743faf2e21c,A.PCH26029,100000003,missing_required_fields,2026-07-10 13:53:50.594065+00
ea337ffb-53a6-466b-8d31-b416f04a1700,PCH26003,100000003,missing_required_fields,2026-07-10 13:53:50.594065+00
a9775eb1-0e3a-4ae3-8393-b27ebbf57f40,KBS26007,100000002,needs_review,2026-07-10 13:53:50.594065+00
ee7500cb-ab06-464e-b09b-5f87a89a1a66,QDOS26069,100000002,needs_review,2026-07-10 13:53:50.594065+00
a45c0aee-f49e-47be-8693-595b06005712,MP26003,100000002,needs_review,2026-07-10 13:53:50.594065+00
eadf24d0-7017-4993-879f-b10367cdd61f,OAK26010,100000002,needs_review,2026-07-10 13:53:50.594065+00
42eee4dc-4ae8-49f5-8f20-0083e7e3b0b0,FW26005,100000003,missing_required_fields,2026-07-10 13:53:50.594065+00
fa28e5fc-0d82-4053-ae77-15a9f3376dbf,RJS26004,100000002,needs_review,2026-07-10 13:53:50.594065+00
7f78d745-4db2-4d38-b7cd-24a21173a30f,YML26003,100000002,needs_review,2026-07-10 13:53:50.594065+00
186e46c2-b3ea-48b5-a162-2860256153f5,,100000002,needs_review,2026-07-10 13:53:50.594065+00
1a1275b6-094d-498b-be80-6fa0c76b63ed,A.QDOS26044,100000007,ready_for_eva,2026-07-10 13:53:50.594065+00
a36f894a-2766-486e-94f4-96296c5b713b,A.QDOS26068,100000004,missing_images,2026-07-10 13:53:50.594065+00
19712eed-d983-438f-9936-2f0fe7d9f76d,,100000002,needs_review,2026-07-10 13:53:50.594065+00
ff797dc7-37c6-4c62-8205-cb7ef749b8b0,,100000002,needs_review,2026-07-10 13:53:50.594065+00
802a5e92-df98-470a-82d3-f811aafcd833,QDOS26070,100000003,missing_required_fields,2026-07-10 13:53:50.594065+00
4392e270-5345-4a0c-9fd5-65dc17f7c636,KBS26011,100000002,needs_review,2026-07-10 13:53:50.594065+00
594b2560-adb9-4c77-b980-f25251da1499,BLACK26008,100000002,needs_review,2026-07-10 13:53:50.594065+00
31febc54-45c0-4959-9552-ffb4d5b76204,A.QDOS26055,100000004,missing_images,2026-07-10 13:53:50.594065+00
45715b3a-e4ef-4d46-97e8-77d2351b2294,BLACK26007,100000002,needs_review,2026-07-10 13:53:50.594065+00
a6a62573-9bfb-44c5-bac2-7a1965d1c135,KBS26006,100000002,needs_review,2026-07-10 13:53:50.594065+00
9aa1f4fb-6dba-42ac-94e7-241238a864b3,MP26001,100000003,missing_required_fields,2026-07-10 13:53:50.594065+00
6cd60114-f577-41e8-9eea-43d17e14a536,,100000002,needs_review,2026-07-10 13:53:50.594065+00
a5918990-a2e3-492e-a836-c89254069195,,100000003,missing_required_fields,2026-07-10 13:53:50.594065+00
87e79f62-0218-4bfc-8957-0c285536ad6e,,100000002,needs_review,2026-07-10 13:53:50.594065+00
aed3fe30-4a11-463c-9670-1015fe1a6254,ABRAHAMS26001,100000002,needs_review,2026-07-10 13:53:50.594065+00
bef05433-7b67-4ded-8e49-a464e90da5ca,BC26004,100000002,needs_review,2026-07-10 13:53:50.594065+00
9a2ddb73-83d5-4a5f-97f4-79dae4206fad,RJS26005,100000002,needs_review,2026-07-10 13:53:50.594065+00
8839d681-42c8-4b5b-b7f3-5a8b0400e276,KERR26001,100000002,needs_review,2026-07-10 13:53:50.594065+00
9d85a360-1798-4629-80e4-8212cebe2a92,SWAN26005,100000002,needs_review,2026-07-10 13:53:50.594065+00
2b6876f3-1999-477d-ae39-7dcc094c2148,,100000003,missing_required_fields,2026-07-10 13:53:50.594065+00
252b484e-ca18-467f-ab06-8eef460f749f,,100000003,missing_required_fields,2026-07-10 13:53:50.594065+00
1592d6e2-8a7c-4199-95c2-9c712a3c8873,BLACK26013,100000002,needs_review,2026-07-10 13:53:50.594065+00
9452c5cb-aa45-4ae0-b2ed-7bae2bda05da,A.PCH26030,100000003,missing_required_fields,2026-07-10 13:53:50.594065+00
c5526db9-68cb-4528-8e5b-f74f0edf7fad,A.PCH26031,100000003,missing_required_fields,2026-07-10 13:53:50.594065+00
fb304288-9f19-44aa-bf57-02f72050fefb,FW26004,100000002,needs_review,2026-07-10 13:53:50.594065+00
c3ef826d-c968-4ae0-abaf-651310491487,SBL26008,100000004,missing_images,2026-07-10 13:53:50.594065+00
92610c98-d13e-493b-9c7e-43e2e462390d,RJS26012,100000002,needs_review,2026-07-10 13:53:50.594065+00
4c779a79-d477-45d0-87cd-b3346362ba98,KBS26014,100000002,needs_review,2026-07-10 13:53:50.594065+00
be1a0a11-8a22-4fef-a0e6-878090360f0c,,100000002,needs_review,2026-07-10 13:53:50.594065+00
3dfa4c5c-3fcb-49bb-9c44-9b03959a6796,,100000003,missing_required_fields,2026-07-10 13:53:50.594065+00
1bbaf821-ea74-412e-90b1-5d2ef3fe26c9,MP26005,100000003,missing_required_fields,2026-07-10 13:53:50.594065+00
fb4548b1-0e9f-4a8b-9d01-3f5eb9b09907,KMR26001,100000003,missing_required_fields,2026-07-10 13:53:50.594065+00
771ad858-548d-446b-909a-a0d1c35bcad3,SBL26011,100000004,missing_images,2026-07-10 13:53:50.594065+00
641649d9-eaf0-4ef7-a6a2-1e49bf343dbd,RJS26014,100000002,needs_review,2026-07-10 13:53:50.594065+00
7bf0a35d-8e4f-4412-a959-66492059f466,,100000002,needs_review,2026-07-10 13:53:50.594065+00
77f630cf-63cb-4f6f-b4d7-64fe5b5ba6a9,AX26036,100000004,missing_images,2026-07-10 13:53:50.594065+00
dc307411-1cee-4033-a9a5-7f26f62bcbbb,,100000003,missing_required_fields,2026-07-10 13:53:50.594065+00
beaf344e-c019-483c-bdf2-c9d9a7824d41,RJS26001,100000003,missing_required_fields,2026-07-10 13:53:50.594065+00
c232bdd7-c8c6-4bab-871e-1fb013bdc7a4,OAK26011,100000003,missing_required_fields,2026-07-10 13:53:50.594065+00
f6af30c6-34c7-4fa0-b98b-0c0c109ae2d2,BLACK26009,100000002,needs_review,2026-07-10 13:53:50.594065+00
9410022a-9ab6-4b9d-9864-dd099ce83558,OAK26007,100000002,needs_review,2026-07-10 13:53:50.594065+00
6185825e-e3c7-4fdc-abb7-3a09899fbca0,DFD26001,100000002,needs_review,2026-07-10 13:53:50.594065+00
b97ee20c-18d0-482d-a426-6572cb1f17a8,A.QDOS26045,100000002,needs_review,2026-07-10 13:53:50.594065+00
328d29e4-598d-48f7-a50c-b44a837a5e6b,BLACK26001,100000002,needs_review,2026-07-10 13:53:50.594065+00
db5b1d7f-e12a-4684-ab74-5b5294b708f2,BLACK26003,100000002,needs_review,2026-07-10 13:53:50.594065+00
afc5f0ec-dfa9-4d0f-9e4f-88c848b5df0c,,100000007,ready_for_eva,2026-07-10 13:53:50.594065+00
1f4963c6-89d5-47af-8a77-3eb6ba9b5968,,100000003,missing_required_fields,2026-07-10 13:53:50.594065+00
4a2b217a-4f5f-4e6e-8331-0343b8c29118,QCL26001,100000002,needs_review,2026-07-10 13:53:50.594065+00
6f5e6877-4ea4-4188-aece-f85f6b520d59,A.PCH26032,100000003,missing_required_fields,2026-07-10 13:53:50.594065+00
1786e3f4-1f79-43ac-864e-b66b181b7645,,100000003,missing_required_fields,2026-07-10 13:53:50.594065+00
f34d6509-7c47-42a8-9fde-44e36f1d009c,QDOS26051,100000007,ready_for_eva,2026-07-10 13:53:50.594065+00
808d409e-3227-435d-ba28-e9f605140d29,A.QDOS26003,100000007,ready_for_eva,2026-07-10 13:53:50.594065+00
88510391-8193-4a47-962b-582deadcc24e,QDOS26020,100000007,ready_for_eva,2026-07-10 13:53:50.594065+00
0030d528-a3c7-42d2-ba54-a3a8ec244c40,,100000002,needs_review,2026-07-10 13:53:50.594065+00
e89f2578-6422-4402-a1fc-4a9d12f202b5,QDOS26022,100000007,ready_for_eva,2026-07-10 13:53:50.594065+00
f9102236-8307-4849-ae2c-202bb64477a1,BLACK26002,100000002,needs_review,2026-07-10 13:53:50.594065+00
54abb939-3e6d-4cc8-888a-de7cbecfd67b,,100000002,needs_review,2026-07-10 13:53:50.594065+00
343dc069-9872-43ef-8f7f-cfbaac7e3cfa,FW26009,100000002,needs_review,2026-07-10 13:53:50.594065+00
f7e75c69-3cf9-4d37-b13d-fa7479381e59,DFD26006,100000002,needs_review,2026-07-10 13:53:50.594065+00
04596be5-9613-46f3-ba27-07db40bd14a9,,100000003,missing_required_fields,2026-07-10 13:53:50.594065+00
dc7abde2-fa6e-4bbf-8704-37ae33cb012d,ABRAHAMS26002,100000002,needs_review,2026-07-10 13:53:50.594065+00
b5e52a75-d8d2-4b29-9c49-84f438a50298,BLACK26005,100000002,needs_review,2026-07-10 13:53:50.594065+00
5b035d00-7dfb-497a-934d-fea5ea4cfcf9,OAK26013,100000002,needs_review,2026-07-10 13:53:50.594065+00
0e5b04d6-45e3-4121-836c-6fcb9a06c472,ACSP26002,100000002,needs_review,2026-07-10 13:53:50.594065+00
9f5dbc7f-ffa9-4928-a250-a66b6ee3baff,BLACK26012,100000002,needs_review,2026-07-10 13:53:50.594065+00
da6821ae-a006-4568-aaec-2d079415f270,BLACK26011,100000002,needs_review,2026-07-10 13:53:50.594065+00
e897fbba-7b28-4f64-926b-c9861fe36b5b,A.PCH26033,100000003,missing_required_fields,2026-07-10 13:53:50.594065+00
466770e8-8a27-49c2-8b8c-84685cea9c41,A.QDOS26046,100000004,missing_images,2026-07-10 13:53:50.594065+00
6d9acede-d599-406e-a095-9e3a8dc0e8ff,BLACK26006,100000002,needs_review,2026-07-10 13:53:50.594065+00
20a396c4-1170-4aa9-bedb-b64f16a483ef,SBL26012,100000004,missing_images,2026-07-10 13:53:50.594065+00
ba1cf987-0baa-48f8-b9c1-ea645dac9cc9,KBS26001,100000002,needs_review,2026-07-10 13:53:50.594065+00
d55a539e-ee82-4816-8489-52b01f24c772,QDOS26017,100000002,needs_review,2026-07-10 13:53:50.594065+00
a670a83a-bde5-4a77-8ca0-f7f588a954f9,,100000004,missing_images,2026-07-10 13:53:50.594065+00
4c0cc35b-1728-4637-9d37-35f5b1e79e4d,KBS26005,100000002,needs_review,2026-07-10 13:53:50.594065+00
8b697b55-d0b2-4916-ab84-38973516ef3b,SWAN26003,100000002,needs_review,2026-07-10 13:53:50.594065+00
0ee0bb84-2779-469b-8fd9-56ed5baafdb7,PCH26011,100000003,missing_required_fields,2026-07-10 13:53:50.594065+00
6edf0875-770c-4d04-8eeb-008ad69af1e8,SS26001,100000002,needs_review,2026-07-10 13:53:50.594065+00
b6ad2f3d-f0d9-45cc-8e90-f178ac53bec7,MP26004,100000002,needs_review,2026-07-10 13:53:50.594065+00
d1d862bd-1ae4-4028-b81e-392ff6a75029,,100000002,needs_review,2026-07-10 13:53:50.594065+00
c2671403-0c20-4359-aa7e-02d60fadcdcb,BLACK26015,100000002,needs_review,2026-07-10 13:53:50.594065+00
73d1f9e9-e882-4825-b027-8352795a32e3,QCL26002,100000002,needs_review,2026-07-10 13:53:50.594065+00
983d114c-e242-45fd-9fe1-f853a3183046,RJS26003,100000002,needs_review,2026-07-10 13:53:50.594065+00
9d4f09e4-e65d-46c8-8a90-6880beadc307,A.QDOS26047,100000007,ready_for_eva,2026-07-10 13:53:50.594065+00
60af59e1-a614-4f01-9ff1-9a63ba7b55f6,BLACK26014,100000002,needs_review,2026-07-10 13:53:50.594065+00
1c98bafe-0e70-410f-ae73-c8b7a6ed7102,FW26010,100000002,needs_review,2026-07-10 13:53:50.594065+00
b6e56488-eb01-41ef-8fb7-8a8125ebba89,OAK26008,100000002,needs_review,2026-07-10 13:53:50.594065+00
4e2cdb7d-9275-4c67-8f9f-aba8bd7f1f0b,A.QDOS26048,100000002,needs_review,2026-07-10 13:53:50.594065+00
612cfce3-25da-4cf3-93b1-eaf7e18549ec,DFD26002,100000002,needs_review,2026-07-10 13:53:50.594065+00
1c152f48-9968-4ad0-85a7-f3ab0ee080f2,BC26007,100000002,needs_review,2026-07-10 13:53:50.594065+00
ef65c0ee-c01b-4ecc-b6ad-ccc57f1c6f01,SWAN26001,100000002,needs_review,2026-07-10 13:53:50.594065+00
b37dd650-3c0c-4b7c-b9c7-8bac0d4e911d,RJS26002,100000002,needs_review,2026-07-10 13:53:50.594065+00
be387c95-0e6a-410a-9eec-5c65c1ddfc15,QDOS26071,100000002,needs_review,2026-07-10 13:53:50.594065+00
5cae3514-fe5a-4634-a47b-ecc36fafc4a7,FW26011,100000002,needs_review,2026-07-10 13:53:50.594065+00
49c5a403-22e0-4d3c-936b-bba42e72ef3a,BLACK26010,100000002,needs_review,2026-07-10 13:53:50.594065+00
3ea37a8c-20f2-4f47-8a01-4a7e5631f0ce,YML26001,100000002,needs_review,2026-07-10 13:53:50.594065+00
5781f921-fed0-428d-b5d6-40b75fb95f72,FW26006,100000002,needs_review,2026-07-10 13:53:50.594065+00
f46afce9-e840-48cb-9174-35001970f22b,A.QDOS26056,100000004,missing_images,2026-07-10 13:53:50.594065+00
5897ecbc-938d-439a-85f0-32ade0d572ed,PCH26010,100000003,missing_required_fields,2026-07-10 13:53:50.594065+00
3ae9bfca-416d-43a6-8716-cd71d9b408d6,,100000003,missing_required_fields,2026-07-10 13:53:50.594065+00
0d0cd861-2568-4eb8-95b3-70289589ca5b,KBS26002,100000002,needs_review,2026-07-10 13:53:50.594065+00
844b612e-bbfb-44fa-bc92-0b60120c7bdd,,100000002,needs_review,2026-07-10 13:53:50.594065+00
2b6d1e77-e98c-4e1b-9e32-314a95743b6a,,100000002,needs_review,2026-07-10 13:53:50.594065+00
dc8d2515-5669-40ad-bec0-24108cfd51f3,A.QDOS26049,100000004,missing_images,2026-07-10 13:53:50.594065+00
63553eb0-b25d-45bd-946d-e723d1402032,,100000002,needs_review,2026-07-10 13:53:50.594065+00
6a4dd390-995e-4e9e-b38d-37a1bc170ed4,,100000002,needs_review,2026-07-10 13:53:50.594065+00
e6196c12-ada2-49a0-8f15-2360d8cafbba,OAK26009,100000002,needs_review,2026-07-10 13:53:50.594065+00
4bf4aaca-d490-45ae-9271-39253cc8a1bf,YML26002,100000002,needs_review,2026-07-10 13:53:50.594065+00
97eb5156-c099-45a4-970f-de70e492dadb,,100000002,needs_review,2026-07-10 13:53:50.594065+00
c38b792a-08df-4183-90e4-5a2769781f19,,100000003,missing_required_fields,2026-07-10 13:53:50.594065+00
19b96214-4770-4ea7-ac56-c63741a4f430,PCH26020,100000002,needs_review,2026-07-10 13:53:50.594065+00
57fe0e56-fa36-40c1-b45d-6ceea9daf349,SWAN26002,100000003,missing_required_fields,2026-07-10 13:53:50.594065+00
cecfb9c0-bd11-4d92-aff7-ad04b5badacf,,100000002,needs_review,2026-07-10 13:53:50.594065+00
bb3ac7f5-16ad-4581-b370-cb5c9e6b861d,BLACK26004,100000002,needs_review,2026-07-10 13:53:50.594065+00
7176b50e-cddc-4b48-ad7e-0dba77722c51,,100000002,needs_review,2026-07-10 13:53:50.594065+00
de6c7738-2ad1-41fc-93ce-562ac88cf2ca,ACSP26003,100000002,needs_review,2026-07-10 13:53:50.594065+00
2e252fcd-88dc-4449-8e1a-5153865536a5,ALS26007,100000002,needs_review,2026-07-10 13:53:50.594065+00
b85bec32-4c20-471c-aeac-624f2a4cd1ac,YML26004,100000002,needs_review,2026-07-10 13:53:50.594065+00
2da2fdef-5036-4d49-bfc4-c718d7939744,BC26001,100000002,needs_review,2026-07-10 13:53:50.594065+00
326b9540-a448-486b-9f90-f1b9cfefa72b,DFD26003,100000002,needs_review,2026-07-10 13:53:50.594065+00
9fe1793d-dba8-42d5-9ee3-e09c160977b4,KBS26008,100000002,needs_review,2026-07-10 13:53:50.594065+00
12d1487a-2729-4d60-ad15-660e70ac2381,,100000002,needs_review,2026-07-10 13:53:50.594065+00
f523fff0-9cf7-4995-a7c2-d514491a4673,RJS26010,100000002,needs_review,2026-07-10 13:53:50.594065+00
8d96309f-f546-49a6-af28-d013318f6490,FW26003,100000003,missing_required_fields,2026-07-10 13:53:50.594065+00
40dcf2d3-0657-4371-bcf2-2a447a35648b,BC26006,100000002,needs_review,2026-07-10 13:53:50.594065+00
06d25b23-2c4c-4e96-bb3e-8ce60228713c,A.QDOS26057,100000004,missing_images,2026-07-10 13:53:50.594065+00
cfe471c8-6d2c-4aaf-9611-1734e31e2ac5,ACSP26001,100000002,needs_review,2026-07-10 13:53:50.594065+00
763734c5-cdf6-41a0-abcf-837b130daa6c,,100000004,missing_images,2026-07-10 13:53:50.594065+00
aa506d4a-c9b9-41e1-a17f-c61115698c6f,BC26005,100000002,needs_review,2026-07-10 13:53:50.594065+00
155f6820-851b-492e-b44a-83ecd0f7d5d6,QDOS26055,100000002,needs_review,2026-07-10 13:53:50.594065+00
9aafb352-91ba-4157-88ba-bee80710f9c9,RJS26013,100000002,needs_review,2026-07-10 13:53:50.594065+00
3d844e8c-eac0-4e14-afba-582e4da29ba1,KMR26002,100000003,missing_required_fields,2026-07-10 13:53:50.594065+00
8c7cbc8e-e33c-4241-a920-8f3970cb81ff,QDOS26056,100000002,needs_review,2026-07-10 13:53:50.594065+00
592bbf64-e1a0-421e-8ba7-5b5dd1ee3479,KBS26004,100000002,needs_review,2026-07-10 13:53:50.594065+00
dec837d3-10fa-4caf-bc81-3294e9f1204e,,100000003,missing_required_fields,2026-07-10 13:53:50.594065+00
1f04ed4e-7d22-4fe4-8430-d9890d6f6320,QDOS26075,100000003,missing_required_fields,2026-07-10 13:53:50.594065+00
413bc208-5d1f-405d-91fe-0c39f231b990,,100000003,missing_required_fields,2026-07-10 13:53:50.594065+00
e19dff09-dcb0-4e65-89cd-95d6f2c8d59a,,100000003,missing_required_fields,2026-07-10 13:53:50.594065+00
05c8e63c-333c-48bc-981e-4c4f032a8801,BC26002,100000003,missing_required_fields,2026-07-10 13:53:50.594065+00
9366390c-ad85-46a9-bb6e-99189c324998,A.QDOS26058,100000004,missing_images,2026-07-10 13:53:50.594065+00
da846c72-02f7-416a-b4f7-141e1e60e6f7,,100000003,missing_required_fields,2026-07-10 13:53:50.594065+00
f6550b04-4aed-40ac-a286-7a916fed35c5,KBS26003,100000002,needs_review,2026-07-10 13:53:50.594065+00
95c1e6f3-0d90-49c0-b9ef-becb5fcffe1c,OAK26004,100000002,needs_review,2026-07-10 13:53:50.594065+00
781a710d-6bb0-4e6c-bdf0-46dafbe850d0,BC26003,100000002,needs_review,2026-07-10 13:53:50.594065+00
8cddcc1a-2775-4489-a94d-a7743833f064,OAK26014,100000002,needs_review,2026-07-10 13:53:50.594065+00
e858368f-34f3-4c1e-87ad-6ec645a0d21b,QDOS26072,100000004,missing_images,2026-07-10 13:53:50.594065+00
3d1f6046-f179-4054-9713-7c8af46e0f8b,A.QDOS26040,100000004,missing_images,2026-07-10 13:53:50.594065+00
31794f42-90b1-43a2-bdf2-892e6c62f7ea,FW26001,100000002,needs_review,2026-07-10 13:53:50.594065+00
0efc0596-4969-4687-adec-22779c6c3c78,A.QDOS26059,100000004,missing_images,2026-07-10 13:53:50.594065+00
1b1dcf9f-c675-44b2-ac91-ee96707de1c4,BLACK26016,100000002,needs_review,2026-07-10 13:53:50.594065+00
1f48757a-6a28-4577-b51f-21465a773afe,YML26006,100000002,needs_review,2026-07-10 13:53:50.594065+00
ed9ee70d-6b3b-424c-a9cb-aa09913dd162,OAK26003,100000002,needs_review,2026-07-10 13:53:50.594065+00
0a4ea558-dc64-4d13-ba78-17f6c685876c,A.QDOS26050,100000004,missing_images,2026-07-10 13:53:50.594065+00
11aafd6d-d698-4cdd-8ef5-e62667c40524,,100000002,needs_review,2026-07-10 13:53:50.594065+00
b349a269-9315-43f7-a82a-96cb442fd103,OAK26005,100000002,needs_review,2026-07-10 13:53:50.594065+00
42572347-c07d-4717-b9cb-926d0fc26343,OAK26002,100000002,needs_review,2026-07-10 13:53:50.594065+00
f7cbd978-bab5-4673-b3fd-0c75e30ae152,AX26037,100000003,missing_required_fields,2026-07-10 13:53:50.594065+00
6c7bb81d-678a-455a-9fde-ae5746706e2d,OAK26001,100000003,missing_required_fields,2026-07-10 13:53:50.594065+00
571ea8bb-5ebe-44fb-a25d-c9e12a703803,OAK26006,100000003,missing_required_fields,2026-07-10 13:53:50.594065+00
f5d53f28-bfdc-4285-9e23-b5dc502bf750,ALS26001,100000002,needs_review,2026-07-10 13:53:50.594065+00
a4d019d1-0fd0-435e-8336-5606e90cb32a,MP26006,100000003,missing_required_fields,2026-07-10 13:53:50.594065+00
cc6bf7c1-fafb-47f7-b3b5-fb08de7ba338,SBL26009,100000004,missing_images,2026-07-10 13:53:50.594065+00
ea80d104-ef8c-4673-b7b2-622eda7b3aeb,QCL26003,100000002,needs_review,2026-07-10 13:53:50.594065+00
f433d316-6aba-4cff-89b3-fe8afe7c1455,A.QDOS26060,100000004,missing_images,2026-07-10 13:53:50.594065+00
4f2ffcc8-c7f2-41b8-a508-30fe35156fff,QCL26004,100000002,needs_review,2026-07-10 13:53:50.594065+00
3b2bc7a1-3348-4663-9b75-480c48d9a6f5,KBS26012,100000002,needs_review,2026-07-10 13:53:50.594065+00
3486a70c-8db6-41bc-ad5a-4298d4e062cb,A.PCH26034,100000003,missing_required_fields,2026-07-10 13:53:50.594065+00
24c1cbd1-ca9a-447e-9068-0869d8fecf78,QDOS26073,100000002,needs_review,2026-07-10 13:53:50.594065+00
ab322ddd-7608-4efc-95c9-1a91abd0acd6,,100000002,needs_review,2026-07-10 13:53:50.594065+00
beb0a8a8-f6bb-4805-afe6-d03e64343032,,100000002,needs_review,2026-07-10 13:53:50.594065+00
4f2201fa-61dd-4ad3-91a9-0d211819013a,,100000002,needs_review,2026-07-10 13:53:50.594065+00
935063a9-5d16-440c-b2f4-18cfb4886e1f,,100000002,needs_review,2026-07-10 13:53:50.594065+00
12adfee9-7310-4b56-ad3e-eaaacd008f41,FW26012,100000002,needs_review,2026-07-10 13:53:50.594065+00
e11c49d1-f88f-4a19-a943-6e26923c9386,A.PCH26035,100000003,missing_required_fields,2026-07-10 13:53:50.594065+00
dcdf179e-7160-42b7-8ff4-3bb6869fafb1,A.QDOS26041,100000004,missing_images,2026-07-10 13:53:50.594065+00
a35ca37e-b051-47c2-b92c-0b3c38d00a08,MP26002,100000003,missing_required_fields,2026-07-10 13:53:50.594065+00
04748e90-c8da-4799-af6b-6a3a32e14b61,,100000003,missing_required_fields,2026-07-10 13:53:50.594065+00
f97a6c57-f56d-46bf-9185-cd6cf9a13636,FW26007,100000002,needs_review,2026-07-10 13:53:50.594065+00
1435d13a-d03e-44ef-9001-8eabb74fa9ea,RJS26007,100000002,needs_review,2026-07-10 13:53:50.594065+00
48041c5b-9d7c-4f3d-91f8-4dd5bde6e935,,100000002,needs_review,2026-07-10 13:53:50.594065+00
920551cb-29f8-446a-b163-c929f456a6bc,RJS26006,100000002,needs_review,2026-07-10 13:53:50.594065+00
9de6dcc7-ba8e-41ad-9004-198c0e2e3be1,DFD26004,100000002,needs_review,2026-07-10 13:53:50.594065+00
6029d032-7f4d-428f-bf6b-aeb11fc96e91,A.QDOS26061,100000004,missing_images,2026-07-10 13:53:50.594065+00
385822bf-f4aa-41a9-9889-f06e919a5be4,FW26013,100000002,needs_review,2026-07-10 13:53:50.594065+00
9ba30e36-ff4f-410e-a606-22d5e3f8e362,A.QDOS26042,100000004,missing_images,2026-07-10 13:53:50.594065+00
af7d70e1-796d-4e71-ba67-fb12a0774a15,OAK26012,100000002,needs_review,2026-07-10 13:53:50.594065+00
993c3194-83b6-4a36-96a8-3605e55c974a,RJS26009,100000002,needs_review,2026-07-10 13:53:50.594065+00
2e14d18c-a40e-4c4a-a4d9-ec6bd823e7fa,MP26008,100000003,missing_required_fields,2026-07-10 13:53:50.594065+00
e6c5eb9b-732f-4c44-a8e3-32477fac1351,,100000004,missing_images,2026-07-10 13:53:50.594065+00
07766d44-673d-4e56-84aa-07e3fef6076c,MP26009,100000002,needs_review,2026-07-10 13:53:50.594065+00
8a23dd38-7a29-4aba-972e-63fb166fdf28,A.PCH26036,100000003,missing_required_fields,2026-07-10 13:53:50.594065+00
c9fc1c72-62b3-4d6e-8f76-f71f75a01e2f,,100000002,needs_review,2026-07-10 13:53:50.594065+00
cd9b6a97-aa6e-426a-be17-91d0d3a0e066,A.PCH26008,100000002,needs_review,2026-07-10 13:53:50.594065+00
6b4e0cbd-6d12-45c2-b727-21e1f5446f0a,QDOS26077,100000002,needs_review,2026-07-10 13:53:50.594065+00
5105c060-14ba-4c68-89c4-9be0bedcc96e,,100000002,needs_review,2026-07-10 13:53:50.594065+00
c075c203-f4ec-4ae6-a233-0e8741e17671,SBL26010,100000004,missing_images,2026-07-10 13:53:50.594065+00
68648346-7bc5-4029-8c33-75330e3afced,A.QDOS26051,100000004,missing_images,2026-07-10 13:53:50.594065+00
cdeaf50c-aea1-4f1b-b9d5-eeb22f754ed1,,100000002,needs_review,2026-07-10 13:53:50.594065+00
2770dfb6-e44c-4fe6-b3c0-1f03b56a19b5,A.QDOS26028,100000003,missing_required_fields,2026-07-10 13:53:50.594065+00
dcd8833c-c308-4af8-9bab-b8a6c64c38e0,A.QDOS26052,100000004,missing_images,2026-07-10 13:53:50.594065+00
3cd59041-60d7-41f1-9bb0-8c60fc1ee841,QDOS26074,100000002,needs_review,2026-07-10 13:53:50.594065+00
1846ff29-15f1-4b35-b331-b7083afda5cd,,100000002,needs_review,2026-07-10 13:53:50.594065+00
eeaa1f4e-8575-489f-84a0-0871f5feb1c7,,100000002,needs_review,2026-07-10 13:53:50.594065+00
a4836477-67ef-4f41-8c2c-6265a66b9e75,FW26008,100000002,needs_review,2026-07-10 13:53:50.594065+00
21d20c06-0119-4856-a1d1-48dc8b272703,WLS26001,100000003,missing_required_fields,2026-07-10 13:53:50.594065+00
6565b4c6-f908-4e9c-a3c8-baaf9a8ca9de,RJS26015,100000002,needs_review,2026-07-10 13:53:50.594065+00
57b20c69-4d6a-4d73-8ab7-4b0ea63e372e,,100000002,needs_review,2026-07-10 13:53:50.594065+00
f143dc9c-80fd-43cc-970d-83efd5e0db21,QDOS26007,100000002,needs_review,2026-07-10 13:53:50.594065+00
eedef13e-200f-42e5-84e2-ee6bae50409c,,100000002,needs_review,2026-07-10 13:53:50.594065+00
82378135-ce7b-4d1e-96dc-d2f3832e7e2a,MP26007,100000003,missing_required_fields,2026-07-10 13:53:50.594065+00
0e54034d-9759-40a2-9ff2-5e245475a347,,100000002,needs_review,2026-07-10 13:53:50.594065+00
bfe0f286-01fe-41a5-8cdf-3e2442816fcb,KBS26009,100000002,needs_review,2026-07-10 13:53:50.594065+00
e62c0fdb-eb06-4525-a4b9-41d7cfa715fb,QDOS26076,100000002,needs_review,2026-07-10 13:53:50.594065+00
e06fa6e7-b105-44d6-929e-f0bded4bef6d,A.PCH26026,100000003,missing_required_fields,2026-07-10 13:53:50.594065+00
9baff34b-7b06-49d2-ab21-b51bc6af8482,A.QDOS26062,100000004,missing_images,2026-07-10 13:53:50.594065+00
1f38a90a-890a-41ec-92e2-ba46fdf5e9f7,,100000002,needs_review,2026-07-10 13:53:50.594065+00
05908e57-3bc5-4a77-a861-c5396faee5e5,,100000004,missing_images,2026-07-10 13:53:50.594065+00
b5e16512-4cb4-4284-8932-8187604a8383,,100000002,needs_review,2026-07-10 13:53:50.594065+00
dfb73dbb-48ed-4e5c-b587-ddcb2a73a22d,KBS26013,100000002,needs_review,2026-07-10 13:53:50.594065+00
885287bb-0c25-4889-9064-7fe6233e74cc,KBS26010,100000002,needs_review,2026-07-10 13:53:50.594065+00
c107e9a8-6faf-4032-9b8c-46d910896cfd,RJS26008,100000002,needs_review,2026-07-10 13:53:50.594065+00
4cdd6aac-a4a4-4fc1-88eb-28e7f1919cf4,YML26005,100000002,needs_review,2026-07-10 13:53:50.594065+00
f64617a5-e961-4456-854c-5bbb7aab304d,A.QDOS26053,100000004,missing_images,2026-07-10 13:53:50.594065+00
792d9b63-53b6-4373-9ad9-b921947d5575,A.QDOS26063,100000004,missing_images,2026-07-10 13:53:50.594065+00
af09dda2-67ff-4014-befd-977305a19e43,RJS26011,100000002,needs_review,2026-07-10 13:53:50.594065+00
70777532-753b-4301-aa55-cd005f0ac47f,,100000002,needs_review,2026-07-10 13:53:50.594065+00
087f520b-c294-4412-918a-57cafe530d63,A.PCH26022,100000002,needs_review,2026-07-10 13:53:50.594065+00
68442a2a-998c-4a16-89ba-8fe226303734,PCH26009,100000003,missing_required_fields,2026-07-10 13:53:50.594065+00
87ddd62b-ea09-464f-af75-e1482b07f6a5,PCH26002,100000003,missing_required_fields,2026-07-10 13:53:50.594065+00
04cf432a-dc21-42df-b73e-212ca9aaffa3,QDOS26002,100000003,missing_required_fields,2026-07-10 13:53:50.594065+00
2fcc3117-5b4f-4c3d-a7e7-a655a39173fc,PCH26008,100000002,needs_review,2026-07-10 13:53:50.594065+00
d6b13fa7-ae8b-40a5-b092-2a37300996eb,A.PCH26003,100000002,needs_review,2026-07-10 13:53:50.594065+00
4c80e215-ea95-403e-9694-7e2afa7e1365,A.QDOS26004,100000003,missing_required_fields,2026-07-10 13:53:50.594065+00
dc7867e7-9269-4d42-b134-b558f629c6d2,PCH26016,100000002,needs_review,2026-07-10 13:53:50.594065+00
bad7ff3f-252d-4f5f-8ce8-f21121d340f0,,100000004,missing_images,2026-07-10 13:53:50.594065+00
97cca07d-f217-4a28-bd61-82c48ab70d8c,PCH26021,100000002,needs_review,2026-07-10 13:53:50.594065+00
f93267dd-4976-4e51-8597-078a43afccd5,ALS26009,100000002,needs_review,2026-07-10 13:53:50.594065+00
43d95d92-9eac-4990-8038-0ba4b6cc4ae1,A.QDOS26043,100000004,missing_images,2026-07-10 13:53:50.594065+00
f85e5c3d-37e0-4611-8f0c-6fbafed186df,ALS26002,100000002,needs_review,2026-07-10 13:53:50.594065+00
c1fa8869-1661-41bf-8dd0-cb64c8dd3148,PCH26005,100000002,needs_review,2026-07-10 13:53:50.594065+00
4dd0d51b-a876-4f5c-b6ee-cbdc2d334642,A.PCH26002,100000003,missing_required_fields,2026-07-10 13:53:50.594065+00
cf770c37-3f8d-4236-bf43-74c8c266b292,PCH26017,100000003,missing_required_fields,2026-07-10 13:53:50.594065+00
c1d1da42-3e13-46ea-ad91-c3af7fb99ed7,PCH26013,100000003,missing_required_fields,2026-07-10 13:53:50.594065+00
875d9261-e315-43bd-9346-1b746f42eb1c,,100000002,needs_review,2026-07-10 13:53:50.594065+00
cef0cde1-e02d-4204-abca-31ef9f11ae05,PCH26014,100000003,missing_required_fields,2026-07-10 13:53:50.594065+00
14400ae6-5644-41f6-9e3f-68887db145a8,PCH26001,100000002,needs_review,2026-07-10 13:53:50.594065+00
7b2abe45-1590-4c2c-8164-82a29e2dc201,DFD26005,100000002,needs_review,2026-07-10 13:53:50.594065+00
cfb9d33d-3173-4dac-860d-d101a390fdd9,PCH26015,100000003,missing_required_fields,2026-07-10 13:53:50.594065+00
7f61699f-e2ac-4d76-97d3-6c14e6e72f48,,100000002,needs_review,2026-07-10 13:53:50.594065+00
4baea00f-8d5e-4a6d-9b30-90d82f37539a,PCH26004,100000003,missing_required_fields,2026-07-10 13:53:50.594065+00
f9499df4-725f-43ff-8cd2-5c7fe34f75cd,PCH26006,100000003,missing_required_fields,2026-07-10 13:53:50.594065+00
3ae1a4be-11b6-4a82-b964-451ddd322b69,QDOS26036,100000002,needs_review,2026-07-10 13:53:50.594065+00
27fcb000-19e3-4994-997b-7273b31a6e7e,ALS26008,100000002,needs_review,2026-07-10 13:53:50.594065+00
62a973a2-b585-4285-b755-a0fb60fe835a,,100000002,needs_review,2026-07-10 13:53:50.594065+00
6d1437eb-ea9e-473f-b115-ac06633affc3,ALS26005,100000002,needs_review,2026-07-10 13:53:50.594065+00
d17a2544-c6ea-419e-bef5-80974dd5e11a,A.QDOS26054,100000004,missing_images,2026-07-10 13:53:50.594065+00
805085a8-9fb2-441f-848c-51cee9b72a53,QDOS26009,100000003,missing_required_fields,2026-07-10 13:53:50.594065+00
0760993c-071d-48e1-a32b-b75a459cfe1d,QDOS26021,100000003,missing_required_fields,2026-07-10 13:53:50.594065+00
40cd98e1-1d6b-4511-a6c6-a81f5cbe4eef,QDOS26032,100000003,missing_required_fields,2026-07-10 13:53:50.594065+00
8d20e8fb-ec29-434a-9016-ce437e9d0ab3,QDOS26038,100000002,needs_review,2026-07-10 13:53:50.594065+00
a33b6a8f-d83b-4046-8726-5f2cbedbdbd4,SBL26013,100000004,missing_images,2026-07-10 13:53:50.594065+00
b4e379d1-380f-4cbf-8556-3c28cc935fc0,A.PCH26004,100000003,missing_required_fields,2026-07-10 13:53:50.594065+00
2283dab7-d153-454a-bab6-11118ea893e4,A.QDOS26064,100000004,missing_images,2026-07-10 13:53:50.594065+00
cd9092ce-1956-4df3-80d3-6cc77ee31d9f,PCH26018,100000002,needs_review,2026-07-10 13:53:50.594065+00
1198458f-5e1a-42fe-9ee8-a147674bb2e0,PCH26007,100000003,missing_required_fields,2026-07-10 13:53:50.594065+00
72f8dd74-759b-464a-b680-10da57ff4596,QDOS26039,100000002,needs_review,2026-07-10 13:53:50.594065+00
6b8bee73-111c-407a-9416-5961a57ce23b,QDOS26040,100000002,needs_review,2026-07-10 13:53:50.594065+00
ae1c0c84-ba0c-4049-be73-c149b46c2ffa,QDOS26029,100000002,needs_review,2026-07-10 13:53:50.594065+00
2efdb925-e844-442b-b649-ce6360c78a56,QDOS26057,100000002,needs_review,2026-07-10 13:53:50.594065+00
d9cde902-99bd-408f-b965-62bf109507f8,PCH26019,100000003,missing_required_fields,2026-07-10 13:53:50.594065+00
d9efac0e-051d-4b1e-9065-5da263c40e42,QDOS26046,100000002,needs_review,2026-07-10 13:53:50.594065+00
e3c34e4d-8b17-4642-ae0d-e945a2c93331,,100000004,missing_images,2026-07-10 13:53:50.594065+00
ff11fb84-013e-4993-8fe9-339d53fb8176,,100000004,missing_images,2026-07-10 13:53:50.594065+00
3b041c9c-9d46-491b-978e-26ad2ada72b3,QDOS26054,100000002,needs_review,2026-07-10 13:53:50.594065+00
1dbd93fa-64b3-4d8e-bbe9-6fc3d7a38fda,QDOS26010,100000002,needs_review,2026-07-10 13:53:50.594065+00
df11b891-fc17-46ec-8e52-c7620d3e1453,AX26008,100000007,ready_for_eva,2026-07-10 13:53:50.594065+00
2b0b40b0-3d18-40a6-90f7-ab8a7b939456,A.PCH26023,100000003,missing_required_fields,2026-07-10 13:53:50.594065+00
30eb86c5-9335-404f-8669-4e88d8fe3fe9,A.PCH26005,100000003,missing_required_fields,2026-07-10 13:53:50.594065+00
77c3f7f4-bd94-42d6-877d-98edde6852ce,SBL26001,100000002,needs_review,2026-07-10 13:53:50.594065+00
0e0932c7-02ed-447e-b38f-9379eb1b0aa2,QDOS26016,100000002,needs_review,2026-07-10 13:53:50.594065+00
2782181f-e89e-4b30-b7bc-ddb009defb90,QDOS26025,100000003,missing_required_fields,2026-07-10 13:53:50.594065+00
4b9ca355-7290-400f-8641-89f34a1693e4,A.QDOS26016,100000003,missing_required_fields,2026-07-10 13:53:50.594065+00
fa5692f2-b4bd-49e2-9800-933cf913e100,QDOS26078,100000002,needs_review,2026-07-10 13:53:50.594065+00
4bfe252c-ec49-4f79-842d-133272492a05,A.PCH26006,100000003,missing_required_fields,2026-07-10 13:53:50.594065+00
fb2e8f57-0466-45e5-874b-139e40bc580d,PCH26012,100000003,missing_required_fields,2026-07-10 13:53:50.594065+00
76e3fcdb-c28b-4d51-b52b-8f04a8a3cd4d,A.PCH26007,100000003,missing_required_fields,2026-07-10 13:53:50.594065+00
8ff53cd5-4fcc-4a94-9344-9f48ffdc264a,ALS26003,100000002,needs_review,2026-07-10 13:53:50.594065+00
14c123f4-5180-4f14-8dee-910eb2df8cf3,A.PCH26009,100000003,missing_required_fields,2026-07-10 13:53:50.594065+00
999c65d0-e583-41ce-a60e-80a42a49f547,A.PCH26037,100000003,missing_required_fields,2026-07-10 13:53:50.594065+00
fb3c93cf-0033-4427-9f2d-6fda95d673b8,QDOS26059,100000002,needs_review,2026-07-10 13:53:50.594065+00
50a625bf-9572-4298-8c61-b07077dabfc7,QDOS26058,100000003,missing_required_fields,2026-07-10 13:53:50.594065+00
e61b974a-1af4-4537-91d0-0c3a36ab6208,QDOS26061,100000002,needs_review,2026-07-10 13:53:50.594065+00
4fecc064-d214-4d72-b0d2-225c893a7696,,100000002,needs_review,2026-07-10 13:53:50.594065+00
a7921a07-b7f8-4c8e-8454-bd2d9eb9c4d9,A.QDOS26065,100000004,missing_images,2026-07-10 13:53:50.594065+00
26a4b027-adb9-4211-a527-1ead2be21e2b,A.PCH26012,100000003,missing_required_fields,2026-07-10 13:53:50.594065+00
8203a389-f77a-4c21-925f-69afbf92f13f,ALS26006,100000002,needs_review,2026-07-10 13:53:50.594065+00
c022cec2-fade-4152-9e3a-2dd09e161a06,A.PCH26011,100000003,missing_required_fields,2026-07-10 13:53:50.594065+00
297b499e-bfca-45f4-8048-74018921b9e9,QDOS26060,100000002,needs_review,2026-07-10 13:53:50.594065+00
f15b14d8-a336-460a-9786-d484c3536a9c,ALS26004,100000002,needs_review,2026-07-10 13:53:50.594065+00
e878182d-9f1a-451e-bf8c-cabf170256e1,QDOS26062,100000002,needs_review,2026-07-10 13:53:50.594065+00
540108ca-0bb2-40f1-9f45-2de4463e7900,,100000002,needs_review,2026-07-10 13:53:50.594065+00
c8ef89a0-413e-43b6-a647-22544f8c2d03,A.PCH26013,100000003,missing_required_fields,2026-07-10 13:53:50.594065+00
6ca9c83e-9a2c-4552-8886-0ae50583b4d4,QDOS26063,100000003,missing_required_fields,2026-07-10 13:53:50.594065+00
779e687b-be0a-467c-95f5-08c6e09253e7,A.QDOS26066,100000004,missing_images,2026-07-10 13:53:50.594065+00
e3f8b598-0ea0-4c22-95da-7d91ad4fa947,QDOS26065,100000002,needs_review,2026-07-10 13:53:50.594065+00
2acd7d5b-4c03-40a0-99d6-9dc01dc74957,QDOS26064,100000002,needs_review,2026-07-10 13:53:50.594065+00
0382862a-5c3a-48c9-9758-c52e56074f8a,A.QDOS26067,100000004,missing_images,2026-07-10 13:53:50.594065+00
05e5704e-ae79-4067-ac99-a265330c2be0,A.PCH26015,100000003,missing_required_fields,2026-07-10 13:53:50.594065+00
906df76e-b8cd-43fe-93ca-90c2432e32a7,,100000002,needs_review,2026-07-10 13:53:50.594065+00
97087d47-422b-4a16-875f-fc7ebf71e801,A.QDOS26037,100000003,missing_required_fields,2026-07-10 13:53:50.594065+00
d0f394d7-53a3-45de-bf03-2ebcc716de18,A.PCH26028,100000003,missing_required_fields,2026-07-10 13:53:50.594065+00
08854fe5-d25c-41e3-b691-754eaf50435e,A.PCH26024,100000003,missing_required_fields,2026-07-10 13:53:50.594065+00
3ce40e3c-1328-4666-a576-06cac39b8713,A.PCH26025,100000003,missing_required_fields,2026-07-10 13:53:50.594065+00
d0a7cbf2-d669-4d4c-addf-dee8bf51e203,A.QDOS26036,100000003,missing_required_fields,2026-07-10 13:53:50.594065+00
eb5a8754-9a27-4964-aa6f-1e70920963e9,A.QDOS26038,100000002,needs_review,2026-07-10 13:53:50.594065+00
2bc6cdd7-ff30-48b1-8926-e40508eecf8d,A.QDOS26030,100000002,needs_review,2026-07-10 13:53:50.594065+00
caf558ec-de89-433f-a572-e9f412e042cb,QDOS26067,100000002,needs_review,2026-07-10 13:53:50.594065+00
10fbefcd-9e0c-4a19-922a-6cd35e6f6e03,QDOS26068,100000002,needs_review,2026-07-10 13:53:50.594065+00
1fd8bf00-e5ed-43e9-b267-2198cab0835d,A.PCH26017,100000003,missing_required_fields,2026-07-10 13:53:50.594065+00
aadd6d3e-eff1-4c4b-a6d8-0ce473e0bfef,A.PCH26018,100000003,missing_required_fields,2026-07-10 13:53:50.594065+00
04d2c8d0-234b-47d1-b022-d50047b3822d,A.PCH26027,100000003,missing_required_fields,2026-07-10 13:53:50.594065+00
3b732916-8530-420c-9808-b89eaa06b6d7,A.PCH26019,100000003,missing_required_fields,2026-07-10 13:53:50.594065+00
65d59301-93d8-40b0-a847-b5b5d22cb5d4,A.PCH26021,100000003,missing_required_fields,2026-07-10 13:53:50.594065+00
a186508d-136c-4efd-b24f-bdb37a8532d6,QDOS26044,100000004,missing_images,2026-07-10 13:53:50.594065+00
2a4d5a1c-db50-4383-a7c6-319b7ccdb846,A.PCH26020,100000002,needs_review,2026-07-10 13:53:50.594065+00
85fedca4-0c3b-4854-a678-4bec23515fbe,QDOS26052,100000004,missing_images,2026-07-10 13:53:50.594065+00
80924cc3-7ef7-4d60-95b3-cc9022bc358b,SBL26003,100000004,missing_images,2026-07-10 13:53:50.594065+00
a0ab816a-01a8-44cc-b8ab-8ba6825ace7a,,100000004,missing_images,2026-07-10 13:53:50.594065+00
1e68f567-d80e-449c-85be-5501862b1762,QDOS26033,100000004,missing_images,2026-07-10 13:53:50.594065+00
f27ade87-68c2-4e6d-ad4b-6632fe6110dd,AX26019,100000004,missing_images,2026-07-10 13:53:50.594065+00
d84bf5b5-0514-4f92-9dcc-51495eefa37b,AX26026,100000004,missing_images,2026-07-10 13:53:50.594065+00
c88133ee-6351-41f8-b563-04f174f0a83d,AX26027,100000004,missing_images,2026-07-10 13:53:50.594065+00
4874030b-615a-4fcc-89f3-d6117b6f3490,A.QDOS26002,100000007,ready_for_eva,2026-07-10 13:53:50.594065+00
2e4497d7-809e-46de-ba92-6f7e1f4dd9e6,A.QDOS26035,100000007,ready_for_eva,2026-07-10 13:53:50.594065+00
d9de9c81-99a1-4475-a1aa-e30855895152,AX26002,100000004,missing_images,2026-07-10 13:53:50.594065+00
28a7e0a1-3e9e-455d-a0a7-6fc0f6f24f90,AX26020,100000004,missing_images,2026-07-10 13:53:50.594065+00
2f1488c0-a3f7-48cc-ade8-ae9d961fe9c1,,100000004,missing_images,2026-07-10 13:53:50.594065+00
ac34fae6-1b6f-4af6-b296-660d53631577,A.QDOS26029,100000004,missing_images,2026-07-10 13:53:50.594065+00
ca3acf21-7be5-451f-9011-fd59b432190b,QDOS26001,100000004,missing_images,2026-07-10 13:53:50.594065+00
dc693f76-2936-471e-bca0-a382fa610fe0,AX26021,100000004,missing_images,2026-07-10 13:53:50.594065+00
e7d00524-9fc6-4fc4-bf4a-3ab5b1510620,QDOS26034,100000007,ready_for_eva,2026-07-10 13:53:50.594065+00
54d436fd-416a-4090-984c-5980c4aef059,QDOS26003,100000004,missing_images,2026-07-10 13:53:50.594065+00
4b114b1d-0b98-4a71-a88b-1f905c71bcdc,QDOS26004,100000004,missing_images,2026-07-10 13:53:50.594065+00
92abe9ee-acbc-4d68-bf0b-7ca817e7ed97,QDOS26005,100000004,missing_images,2026-07-10 13:53:50.594065+00
0a06c7fa-ebfe-4314-af17-2f2c18c774dc,QDOS26006,100000004,missing_images,2026-07-10 13:53:50.594065+00
d2e17148-a391-473d-be28-35ac36c7a8bb,,100000004,missing_images,2026-07-10 13:53:50.594065+00
caab6c7f-a0c2-4b13-b8e0-78f140f5b7f6,QDOS26050,100000007,ready_for_eva,2026-07-10 13:53:50.594065+00
2b3d64d9-d1f5-4be6-b2a0-ca16bdc2aecd,QDOS26035,100000004,missing_images,2026-07-10 13:53:50.594065+00
316aba2e-b155-4e78-9547-ffa89d71a68c,A.QDOS26008,100000004,missing_images,2026-07-10 13:53:50.594065+00
5cdb0dfa-1cfa-4b90-94b9-73cf11adcaae,AX26022,100000004,missing_images,2026-07-10 13:53:50.594065+00
b499266e-c2cb-46ca-b59b-32ed1e518e07,A.QDOS26005,100000004,missing_images,2026-07-10 13:53:50.594065+00
ec468d1e-cdc5-4223-bfd4-93f4fdb4bc1d,A.QDOS26011,100000004,missing_images,2026-07-10 13:53:50.594065+00
de68ad06-fba2-4c07-8a90-aa0856e98a0a,AX26014,100000004,missing_images,2026-07-10 13:53:50.594065+00
06d6592e-9d62-4d06-ba1d-c719340a2cbb,AX26023,100000004,missing_images,2026-07-10 13:53:50.594065+00
6c8667a6-a1a3-4efb-9f90-c401150540ce,AX26001,100000004,missing_images,2026-07-10 13:53:50.594065+00
abb936b2-58d0-476c-9c1a-85326aac0a20,QDOS26053,100000004,missing_images,2026-07-10 13:53:50.594065+00
8a7d23c2-3fe2-4bb3-b6ab-938fccb0726d,A.QDOS26001,100000007,ready_for_eva,2026-07-10 13:53:50.594065+00
fc970dad-6972-4350-b525-209f4ba6fa2a,A.PCH26001,100000007,ready_for_eva,2026-07-10 13:53:50.594065+00
94e5abf3-5100-4562-9dfc-e63465574d0a,QDOS26008,100000007,ready_for_eva,2026-07-10 13:53:50.594065+00
187656fa-f640-4019-8bb1-62d1f9aa7b1a,QDOS26037,100000007,ready_for_eva,2026-07-10 13:53:50.594065+00
bdc46a75-ee08-4a51-b5d8-b1f71772a7c6,AX26013,100000004,missing_images,2026-07-10 13:53:50.594065+00
291e0cf4-f80e-4b06-a6b8-c9537c4aad34,AX26016,100000004,missing_images,2026-07-10 13:53:50.594065+00
1ecc1e71-7807-41b5-8417-1674e012ee06,QDOS26014,100000007,ready_for_eva,2026-07-10 13:53:50.594065+00
b0fb350b-6092-4007-9c0e-3800b66c7bdf,QDOS26027,100000007,ready_for_eva,2026-07-10 13:53:50.594065+00
fe0c4882-e16c-4d70-88b1-3d88e1f41174,A.QDOS26006,100000007,ready_for_eva,2026-07-10 13:53:50.594065+00
a883db20-3f84-493e-b656-2db3e2d44a16,AX26024,100000004,missing_images,2026-07-10 13:53:50.594065+00
1d74e0da-667b-49d2-8b84-ab9d0d47fcba,AX26006,100000004,missing_images,2026-07-10 13:53:50.594065+00
b1a25cc6-6359-4ba4-bd4a-182eff0b9b3c,AX26007,100000004,missing_images,2026-07-10 13:53:50.594065+00
fc51c101-4c59-4312-8428-61988d581245,,100000004,missing_images,2026-07-10 13:53:50.594065+00
c63d60d6-e10e-4431-ac82-a721e388c7da,AX26004,100000004,missing_images,2026-07-10 13:53:50.594065+00
dc4b2059-cbc4-4f13-b997-cd070095eaf7,AX26005,100000004,missing_images,2026-07-10 13:53:50.594065+00
03515381-88bf-41ec-86f5-10b47f19b639,A.QDOS26007,100000004,missing_images,2026-07-10 13:53:50.594065+00
254510af-c416-4e6f-8dd8-14f657494e56,QDOS26026,100000004,missing_images,2026-07-10 13:53:50.594065+00
cf606b2d-0237-4614-ab0a-db628a6eee8b,QDOS26045,100000004,missing_images,2026-07-10 13:53:50.594065+00
68aa19d6-63be-4959-b2fd-0ed16e3929d5,QDOS26041,100000004,missing_images,2026-07-10 13:53:50.594065+00
eead8ef6-ff4c-419d-b72d-f87148490aac,QDOS26018,100000004,missing_images,2026-07-10 13:53:50.594065+00
d0b3d97c-a9a5-4fac-86e8-61439c8313bd,SBL26005,100000004,missing_images,2026-07-10 13:53:50.594065+00
75f7c2d4-4f0f-4681-868a-8190a3b2eb6d,AX26030,100000004,missing_images,2026-07-10 13:53:50.594065+00
f97a12d5-df57-435d-848e-0a9c49ff5963,QDOS26047,100000004,missing_images,2026-07-10 13:53:50.594065+00
0406b99d-679d-4055-aef8-694afe4885dc,AX26017,100000004,missing_images,2026-07-10 13:53:50.594065+00
311e6e15-5144-4a4d-a31c-dac5d1100121,,100000004,missing_images,2026-07-10 13:53:50.594065+00
0476fa7c-76e7-4890-b071-f4bbdb736275,QDOS26023,100000004,missing_images,2026-07-10 13:53:50.594065+00
a088925f-0e45-4386-b98d-7380c110e16e,A.QDOS26009,100000004,missing_images,2026-07-10 13:53:50.594065+00
d913c784-6031-4597-b851-5b2a2509c11f,A.QDOS26012,100000007,ready_for_eva,2026-07-10 13:53:50.594065+00
c67e0a50-ec54-45ba-9102-5571e8f4d9b1,QDOS26031,100000004,missing_images,2026-07-10 13:53:50.594065+00
267635d8-b71e-4f97-809f-e453636344bb,QDOS26042,100000004,missing_images,2026-07-10 13:53:50.594065+00
c5b32a0c-7d88-4858-a52e-b00c80d8e299,AX26010,100000007,ready_for_eva,2026-07-10 13:53:50.594065+00
13705e6b-c0d9-48f6-84a1-0aba7c14ddb8,AX26011,100000004,missing_images,2026-07-10 13:53:50.594065+00
748e17f1-bf91-48ed-a9b2-8b4422fde470,A.PCH26010,100000007,ready_for_eva,2026-07-10 13:53:50.594065+00
1e0b89fb-48cc-4691-b0ce-c8a1df0b3d0f,QDOS26024,100000004,missing_images,2026-07-10 13:53:50.594065+00
3798a694-027b-4ba2-a305-023ece4a8686,AX26009,100000004,missing_images,2026-07-10 13:53:50.594065+00
89227074-691c-4dc4-be5b-544b9416d40e,AX26003,100000004,missing_images,2026-07-10 13:53:50.594065+00
df4207e2-3c82-4fa8-8e0a-fc146f572072,AX26012,100000004,missing_images,2026-07-10 13:53:50.594065+00
a789581a-7a7a-40b2-a49c-c20e79455c14,QDOS26012,100000004,missing_images,2026-07-10 13:53:50.594065+00
4d047a5b-3f55-409e-aa1a-b3c5cb231e8f,SBL26004,100000004,missing_images,2026-07-10 13:53:50.594065+00
4bbb6aeb-9dd3-4023-aa4e-ffc5fe5cd932,QDOS26011,100000004,missing_images,2026-07-10 13:53:50.594065+00
da6e055a-754c-4f9a-b7e4-2e3e59a8483f,AX26015,100000004,missing_images,2026-07-10 13:53:50.594065+00
1dbb0bd4-5456-4630-9764-578cc259aa57,QDOS26013,100000007,ready_for_eva,2026-07-10 13:53:50.594065+00
3d834449-6d88-4f09-a396-9d39abc4c97b,AX26028,100000004,missing_images,2026-07-10 13:53:50.594065+00
803a26c2-33e6-4570-b012-4769cd8459e2,A.QDOS26010,100000004,missing_images,2026-07-10 13:53:50.594065+00
d1e6bba8-1e9c-4301-9f99-c1fa2ba3f2bc,QDOS26028,100000004,missing_images,2026-07-10 13:53:50.594065+00
55923fe6-abcc-4378-8503-1d4394028084,QDOS26030,100000004,missing_images,2026-07-10 13:53:50.594065+00
55cb5147-c5f7-4a95-bc29-c01e0c38bd2f,QDOS26019,100000004,missing_images,2026-07-10 13:53:50.594065+00
06b86e29-e210-4f85-8d7b-475b48573c5c,QDOS26015,100000007,ready_for_eva,2026-07-10 13:53:50.594065+00
c8d26b43-a32d-426c-a905-accba85e0f9a,QDOS26043,100000004,missing_images,2026-07-10 13:53:50.594065+00
b1ea809a-92c9-474d-a776-5a23aa0c767a,SBL26002,100000004,missing_images,2026-07-10 13:53:50.594065+00
52230848-9082-4e4f-859a-1aab67076fac,AX26025,100000004,missing_images,2026-07-10 13:53:50.594065+00
8f07c88e-e1f7-41de-9405-db0f5364ae78,QDOS26048,100000004,missing_images,2026-07-10 13:53:50.594065+00
6d8d2e2c-ee6a-4017-b21b-2625328fe041,A.QDOS26022,100000004,missing_images,2026-07-10 13:53:50.594065+00
3a035bb7-356f-41e2-9df3-e35afaf703ec,QDOS26049,100000004,missing_images,2026-07-10 13:53:50.594065+00
24ee37e0-9873-490c-bc5b-3c7ea91bd59f,AX26018,100000004,missing_images,2026-07-10 13:53:50.594065+00
2afc13b1-930e-437c-b7f5-abc5c6771c34,AX26029,100000004,missing_images,2026-07-10 13:53:50.594065+00
81095239-069a-433d-bb7c-796f2d242636,A.QDOS26013,100000007,ready_for_eva,2026-07-10 13:53:50.594065+00
68c7f663-0ffe-4eef-8b35-1a270a6c6b26,A.QDOS26014,100000004,missing_images,2026-07-10 13:53:50.594065+00
652bc6d0-1dc6-4654-b2e8-872aecf49c1c,A.QDOS26015,100000004,missing_images,2026-07-10 13:53:50.594065+00
94993d74-38ce-43fc-a640-92cbd8ea47b4,A.QDOS26017,100000004,missing_images,2026-07-10 13:53:50.594065+00
cdf45171-628e-4bb3-80f3-f947fce21ccf,SBL26006,100000004,missing_images,2026-07-10 13:53:50.594065+00
dd40a380-2e65-4d5f-9cb8-edc696cb0197,A.QDOS26018,100000004,missing_images,2026-07-10 13:53:50.594065+00
5bc78964-261e-440e-9942-dda2baa023ad,A.PCH26014,100000007,ready_for_eva,2026-07-10 13:53:50.594065+00
7f12eecf-31f8-486b-9c2e-7371a9855bb8,A.QDOS26019,100000004,missing_images,2026-07-10 13:53:50.594065+00
6dce6ec0-10c8-41b0-904c-a6395d682bc5,,100000004,missing_images,2026-07-10 13:53:50.594065+00
f630024e-152b-4065-af42-d980fb38a4c8,A.QDOS26023,100000004,missing_images,2026-07-10 13:53:50.594065+00
f250858f-5806-4030-970f-2fc947ad9ad1,,100000004,missing_images,2026-07-10 13:53:50.594065+00
e73ab705-eca2-4729-bfe2-11ba9fa46040,,100000004,missing_images,2026-07-10 13:53:50.594065+00
68f5dc76-12db-40e1-bdb6-8f76c724a945,A.QDOS26020,100000007,ready_for_eva,2026-07-10 13:53:50.594065+00
253df1b1-afe5-463a-ae8e-d75a2ac2d731,A.QDOS26024,100000004,missing_images,2026-07-10 13:53:50.594065+00
a3051291-1907-4479-b9ad-2a1e0f7b4cc0,AX26031,100000004,missing_images,2026-07-10 13:53:50.594065+00
ef1f435c-a3e9-4ae5-8ac3-39a3b951338d,A.QDOS26025,100000004,missing_images,2026-07-10 13:53:50.594065+00
04835120-133d-457f-83c6-0adfdfafbe93,A.QDOS26027,100000007,ready_for_eva,2026-07-10 13:53:50.594065+00
57b128b0-c330-4bc7-9d54-fb7d8d9e2038,A.QDOS26021,100000007,ready_for_eva,2026-07-10 13:53:50.594065+00
88de31de-e113-40ba-84db-c7149aa9f302,AX26032,100000004,missing_images,2026-07-10 13:53:50.594065+00
9a162f19-cdd7-45ec-a804-b69aa213e0f0,A.QDOS26026,100000004,missing_images,2026-07-10 13:53:50.594065+00
b38d31fa-cfea-4b53-abc2-e738c14d755c,,100000004,missing_images,2026-07-10 13:53:50.594065+00
7b1ce0fa-9f5e-4259-aac5-237a8b0045fc,,100000004,missing_images,2026-07-10 13:53:50.594065+00
8a0b32d6-560f-477d-9b22-6f5aafa0322f,AX26035,100000004,missing_images,2026-07-10 13:53:50.594065+00
8540663d-d574-4ec8-b996-064342cf4d5d,A.PCH26016,100000007,ready_for_eva,2026-07-10 13:53:50.594065+00
f0fa9c29-5025-4cb2-8a30-0bc27c875a71,,100000004,missing_images,2026-07-10 13:53:50.594065+00
b09057c6-e6c9-4cd6-9f10-8e1c6d46cc65,AX26033,100000004,missing_images,2026-07-10 13:53:50.594065+00
6c920e21-cd97-484d-8a23-e4d80b6baab5,,100000004,missing_images,2026-07-10 13:53:50.594065+00
df9a2069-58fb-4faa-8878-b5c79387890f,QDOS26066,100000004,missing_images,2026-07-10 13:53:50.594065+00
d8f115f7-a005-4646-ac26-838dfda23df2,,100000004,missing_images,2026-07-10 13:53:50.594065+00
47cf98be-57ce-4dbb-adfd-b8cd519ce051,,100000004,missing_images,2026-07-10 13:53:50.594065+00
9321d3f6-466f-47e2-83f3-33c86396da85,,100000004,missing_images,2026-07-10 13:53:50.594065+00
11bfe44b-020a-4ec4-ae1d-a867d4e61376,,100000004,missing_images,2026-07-10 13:53:50.594065+00
48544eb2-2731-4598-90ca-a1d754776417,SBL26007,100000004,missing_images,2026-07-10 13:53:50.594065+00
dc080c95-3da1-48fc-b495-1f4e6c8fe404,AX26034,100000004,missing_images,2026-07-10 13:53:50.594065+00
96b9b35c-99d2-4748-bdf9-50764e475eea,A.QDOS26031,100000004,missing_images,2026-07-10 13:53:50.594065+00
2fb78a11-036a-4471-84d3-68534a898978,A.QDOS26032,100000007,ready_for_eva,2026-07-10 13:53:50.594065+00
47ee75be-b434-441d-96e5-1d8a31c8153f,A.QDOS26033,100000004,missing_images,2026-07-10 13:53:50.594065+00
0b07b3d3-ecd6-49ed-9e35-a95e841aabf0,A.QDOS26034,100000004,missing_images,2026-07-10 13:53:50.594065+00
2b69e2d6-7348-4906-b535-16b6fc6a4e5a,A.QDOS26039,100000004,missing_images,2026-07-10 13:53:50.594065+00
